1|5|4/25/2023 12:00:00 AM|4/29/2023 12:00:00 AM|Denied|NEMA MESTA|No
2|15|4/12/2023 12:00:00 AM|4/17/2023 12:00:00 AM|Confirmed||Yes
3|18|4/21/2023 12:00:00 AM|4/28/2023 12:00:00 AM|Confirmed||Yes
4|23|4/12/2023 12:00:00 AM|4/19/2023 12:00:00 AM|Confirmed||Yes
5|26|4/10/2023 12:00:00 AM|5/12/2023 12:00:00 AM|Denied|Nema mesta|No
6|27|5/1/2023 12:00:00 AM|5/5/2023 12:00:00 AM|Confirmed||Yes
7|28|6/1/2023 12:00:00 AM|6/6/2023 12:00:00 AM|Confirmed||Yes
8|29|4/30/2023 12:00:00 AM|5/1/2023 12:00:00 AM|Confirmed||Yes
9|30|5/8/2023 12:00:00 AM|5/9/2023 12:00:00 AM|Confirmed||Yes
10|31|4/28/2023 12:00:00 AM|4/29/2023 12:00:00 AM|Denied|Nema mesta|No
11|32|4/23/2023 12:00:00 AM|4/26/2023 12:00:00 AM|Confirmed||Yes
12|18|4/23/2023 12:00:00 AM|4/30/2023 12:00:00 AM|Confirmed||Yes
13|32|4/23/2023 12:00:00 AM|4/26/2023 12:00:00 AM|Denied|Na odmoru sam|Yes
14|29|4/29/2023 12:00:00 AM|4/30/2023 12:00:00 AM|Confirmed||Yes
15|32|4/25/2023 12:00:00 AM|4/28/2023 12:00:00 AM|Denied||Yes
16|28|6/1/2023 12:00:00 AM|6/8/2023 12:00:00 AM|Confirmed||Yes
17|27|5/1/2023 12:00:00 AM|5/13/2023 12:00:00 AM|Denied|NE MOZE|Yes
